cabin,fare_class,Revenue,Passengers,Avg_Fare
Business,J,1555126.7902832,485,3207.2114946674
Economy,Y,454569.249328613,510,891.428286366254
Economy,M,304460.199981689,504,603.022364298503
Economy,L,170198.690582275,490,347.873457920404
First,F,2700401.68798828,540,4994.95857401097
