route_id,origin,destination,My_Avg_Fare,competitor,avg_competitor_fare,Fare_Difference
1,DOH,LHR,2074.80612410003,Emirates,1121.76000976563,953.046114334406
1,DOH,LHR,2074.80612410003,Turkish Airlines,415.179992675781,1659.62613142425
1,DOH,LHR,2074.80612410003,Ethiopian Airlines,667.460021972656,1407.34610212737
