route_id,RM_Status,Avg_Revenue_Per_Flight,Total_Revenue
1,During Action,63846.7052001953,1085393.98840332
1,No Action,50555.6796596653,4600566.84902954
