pos_country,Total_Revenue,Booking_Count
Qatar,1109509.43566895,259
USA,1054265.53344727,243
Germany,1026912.09686279,254
UK,1019452.60925293,242
India,974616.942932129,277
