sales_channel,Total_Revenue,Total_Passengers,Yield_Per_Passenger
Corporate,1437773.59146118,658,2191.51065289868
OTA,1270914.98742676,609,2123.18754557691
GDS,1265833.47155762,602,2068.05215862997
Direct,1210234.56771851,660,1915.09008807785
